Band Name,SKU,Price
Deftones (MH),DEFTONES-T1071-S,45.00
Deftones (MH),DEFTONES-T1071-M,45.00
Deftones (MH),DEFTONES-T1071-L,45.00
Deftones (MH),DEFTONES-T1071-XL,45.00
Deftones (MH),DEFTONES-T1071-XXL,45.00
Deftones (MH),DEFTONES-T1070-S,45.00
Deftones (MH),DEFTONES-T1070-M,45.00
Deftones (MH),DEFTONES-T1070-L,45.00
Deftones (MH),DEFTONES-T1070-XL,45.00
Deftones (MH),DEFTONES-T1070-XXL,45.00
Deftones (MH),DEFTONES-T1070-3XL,45.00
Deftones (MH),DEFTONES-T1060-S,45.00
Deftones (MH),DEFTONES-T1060-M,45.00
Deftones (MH),DEFTONES-T1060-L,45.00
Deftones (MH),DEFTONES-T1060-XL,45.00
Deftones (MH),DEFTONES-T1060-XXL,45.00
Deftones (MH),DEFTONES-T1073-S,45.00
Deftones (MH),DEFTONES-T1073-M,45.00
Deftones (MH),DEFTONES-T1073-L,45.00
Deftones (MH),DEFTONES-T1073-XL,45.00
Deftones (MH),DEFTONES-T1073-XXL,45.00
Deftones (MH),DEFTONES-T1063-S,50.00
Deftones (MH),DEFTONES-T1063-M,50.00
Deftones (MH),DEFTONES-T1063-L,50.00
Deftones (MH),DEFTONES-T1063-XL,50.00
Deftones (MH),DEFTONES-T1063-XXL,50.00
Deftones (MH),DEFTONES-LS1014-S,65.00
Deftones (MH),DEFTONES-LS1014-M,65.00
Deftones (MH),DEFTONES-LS1014-L,65.00
Deftones (MH),DEFTONES-LS1014-XL,65.00
Deftones (MH),DEFTONES-LS1014-XXL,65.00
Deftones (MH),DEFTONES-CREW1007-S,70.00
Deftones (MH),DEFTONES-CREW1007-M,70.00
Deftones (MH),DEFTONES-CREW1007-L,70.00
Deftones (MH),DEFTONES-CREW1007-XL,70.00
Deftones (MH),DEFTONES-CREW1007-XXL,70.00
Deftones (MH),DEFTONES-CREW1008-S,70.00
Deftones (MH),DEFTONES-CREW1008-M,70.00
Deftones (MH),DEFTONES-CREW1008-L,70.00
Deftones (MH),DEFTONES-CREW1008-XL,70.00
Deftones (MH),DEFTONES-CREW1008-XXL,70.00
Deftones (MH),,70.00
Deftones (MH),DEFTONES-HOOD1029-S,80.00
Deftones (MH),DEFTONES-HOOD1029-M,80.00
Deftones (MH),DEFTONES-HOOD1029-L,80.00
Deftones (MH),DEFTONES-HOOD1029-XL,80.00
Deftones (MH),DEFTONES-HOOD1029-XXL,80.00
Deftones (MH),DEFTONES-HOOD1025-S,80.00
Deftones (MH),DEFTONES-HOOD1025-M,80.00
Deftones (MH),DEFTONES-HOOD1025-L,80.00
Deftones (MH),DEFTONES-HOOD1025-XL,80.00
Deftones (MH),DEFTONES-HOOD1025-XXL,80.00
Deftones (MH),DEFTONES-HOOD1023-S,80.00
Deftones (MH),DEFTONES-HOOD1023-M,80.00
Deftones (MH),DEFTONES-HOOD1023-L,80.00
Deftones (MH),DEFTONES-HOOD1023-XL,80.00
Deftones (MH),DEFTONES-HOOD1023-XXL,80.00
Deftones (MH),DEFTONES-HOOD1027-S,80.00
Deftones (MH),DEFTONES-HOOD1027-M,80.00
Deftones (MH),DEFTONES-HOOD1027-L,80.00
Deftones (MH),DEFTONES-HOOD1027-XL,80.00
Deftones (MH),DEFTONES-HOOD1027-XXL,80.00
Deftones (MH),DEFTONES-ACC1044,40.00
Deftones (MH),DEFTONES-ACC1042,45.00
Deftones (MH),DEFTONES-HAT1003,45.00
Deftones (MH),DEFTONES-ACC1046,35.00
Deftones (MH),DEFTONES-ACC1047,15.00
Deftones (MH),DEFTONES-ACC1045,20.00
Deftones (MH),,40.00
